skill_class,term,estimate_delta_importance,estimate_diffusion,estimate_diffusion_fixed_denom,se_delta_importance,se_diffusion,se_diffusion_fixed_denom
Physical_Terminal,delta_down,-0.0473019388497763,-0.41712472523849,-0.366097587893285,0.00894578059627639,0.0692993671329005,0.0789337963405165
Physical_Terminal,delta_up,-0.026612750393654,-0.426762414458446,-0.391088101044464,0.00662253970193257,0.0540014035790597,0.0534118843583748
SC_General,delta_down,-0.015857055530001,0.16811890105188,0.140071036930762,0.00900631308911911,0.0565210406527068,0.0535283891565734
SC_General,delta_up,0.0125773091379433,0.254764320844294,0.24437269131669,0.00656857983153999,0.0405612005938947,0.037107657178477
SC_Specialized,delta_down,-0.00616982141823808,0.369622582456129,0.355052543164258,0.00889319226892126,0.0670637600612015,0.0659951871349953
SC_Specialized,delta_up,0.0154830749762527,0.357615834393933,0.327200710560661,0.00722830942074202,0.0552255416123181,0.0541953416637196
