skill_class,term,estimate_abandonment,estimate_abandonment_fixed_denom,estimate_delta_importance,se_abandonment,se_abandonment_fixed_denom,se_delta_importance
Physical_Terminal,delta_down,0.344399938836083,0.378367994143064,-0.0292859717499634,0.0677833595525831,0.0717877965860564,0.0070120931174547
Physical_Terminal,delta_up,0.208787435359896,0.220797510662328,-0.0287265540187531,0.0498606463814799,0.0514128165840638,0.00668059031104844
SC_General,delta_down,-0.285298872771431,-0.279683980502396,0.020234662241715,0.0377188532842755,0.038322468206075,0.00702887754801117
SC_General,delta_up,-0.318648791135123,-0.312046709632219,0.0159777992264629,0.0405468556966672,0.0420718182089211,0.0061503230521158
SC_Specialized,delta_down,-0.360477938454555,-0.331328217210092,0.0192466580631923,0.0442017396493723,0.0467663088312694,0.00688008784029045
SC_Specialized,delta_up,-0.356626668657937,-0.354019514166912,0.00302994371573797,0.0540097077902085,0.0507020294764009,0.00582555451423832
